Keyword,Post Title,Score,URL,Created At,Polarity,Subjectivity,Sentiment
politics of pakistan,"A truck carrying flour looted in Peshawar, Pakistan as the country faces it's worst economic and political crisis since formation and is on the verge of default. Former PM Zulfiqar Ali Bhutto famously said: Pakistanis will eat grass, go hungry but will make their own (atom) bomb.",2284,https://v.redd.it/y8hquq1ysgqa1,1680002668.0,0.04999999999999999,0.5499999999999999,Positive
politics of pakistan,"Islamic Cleric gets lynched at a political rally for blasphemy by his own supporters, when he compares Imran Khan (ex PM of Pakistan) to Mohammed.",1349,https://www.thenews.com.pk/amp/1067882-pti-rally-speaker-lynched-by-mob-over-blasphemy,1683625469.0,0.3,0.55,Positive
politics of pakistan,"Pakistan 1948: Schools will teach about Prophet Muhammad PBUH, Lord Krishna, Budda and Guru Nanak. They will also cover politics of Mahatma Gandhi, Mohammed Ali Jinnah, Mustafa Kemal Ataturk and so on to promote 'spirit of tolerance and understanding'.",475,https://i.redd.it/uc62p5pe3xwa1.jpg,1682796984.0,0.0,0.0,Neutral
politics of pakistan,"Another bad take by Engineer Muhammad Ali Mirza. Mirza says that if Imran Khan remains alive and comes out of jail, it will be really bad for Pakistan. Why does anyone in Pakistan take Engineer seriously? Especially in religious and political matters where he has zero training in those subjects?",147,https://v.redd.it/lpac0iotq3dd1,1721232158.0,-0.23333333333333328,0.3888888888888889,Negative
politics of pakistan,Annual Smog Party of North India,4052,https://i.redd.it/uw23x4jvqhxd1.png,1730118603.0,0.0,0.0,Neutral
politics of pakistan,Sunil Shetty‚Äôs Character in Main Hoon Na is the Only Villain That Actually Made Sense,3338,https://i.redd.it/ew7n4ifsyz5e1.jpeg,1733825972.0,0.05555555555555555,0.4777777777777778,Positive
politics of pakistan,Why shouldn't foreigners hate india ,2773,https://i.redd.it/f03qx0gf6itd1.jpeg,1728380442.0,-0.8,0.9,Negative
politics of pakistan,CMV: Certain sects of liberals believe that simply reducing the power of 'straight white men' will inevitably lead to more progressive politics all round. They are mistaken. ,1366,https://www.reddit.com/r/changemyview/comments/1gdcgv6/cmv_certain_sects_of_liberals_believe_that_simply/,1730040057.0,0.1020408163265306,0.4612244897959184,Positive
politics of pakistan,What if every country that had a nuclear weapons program managed to complete it ?,2555,https://i.redd.it/60uufk7hbkjd1.jpeg,1724047887.0,0.1,0.4,Positive
politics of pakistan,"Another bad take by Engineer Muhammad Ali Mirza. Mirza says that if Imran Khan remains alive and comes out of jail, it will be really bad for Pakistan. Why does anyone in Pakistan take Engineer seriously? Especially in religious and political matters where he has zero training in those subjects?",89,https://v.redd.it/lpac0iotq3dd1,1721232235.0,-0.23333333333333328,0.3888888888888889,Negative
politics of pakistan,Religious hate spreading among Indian Youth,2074,https://www.reddit.com/r/india/comments/1en34ec/religious_hate_spreading_among_indian_youth/,1723115221.0,-0.4,0.575,Negative
politics of pakistan,Just an example how the system works in our country. PTI's Humayun Akhter son weds pro N league Mir Shakil's daughter and ex CJ of Pakistan is amongst the guests. This is how ruling elite stays connected and the common people fight with their friends and relatives just for political parties suport,509,https://i.redd.it/y0ma7luo9h881.jpg,1640781975.0,-0.15,0.3,Negative
politics of pakistan,‚ÄúThe political protection is gone now .. Mini Pakistans will also go now‚Äù.. The locals are sharing the list of HINDU Mandirs in Sambhal which were attacked and demolished by the currently residing Majority Muslim population of the area. ,326,https://v.redd.it/cyec9te52z6e1,1734250849.0,0.0,0.25,Neutral
politics of pakistan,Official Political Map of Pakistan- from 2020,105,https://i.redd.it/2sd9f8cz2vwc1.png,1714153694.0,0.0,0.1,Neutral
politics of pakistan,"1960 Map of Pakistan: Political, Physical, Pictorial, Road, and Communication. Includes insets of East Pakistan (now Bangladesh) and Junagadh & Manavadar.",145,https://i.redd.it/y4ykek7epxzd1.png,1731183516.0,0.0,0.12142857142857143,Neutral
politics of pakistan,"Visibly annoyed Chinese Foreign Minister Qin Gang snubs PDM and handlers, ""Stability is the premise of development. As a neighbour and friend, we sincerely hope that political forces in Pakistan will build consensus, uphold stability and more effectively address domestic and external challenges.""",329,https://v.redd.it/8v1q7tlui8ya1,1683391330.0,0.11944444444444444,0.33611111111111114,Positive
politics of pakistan,Pakistan's president dissolves Parliament ‚Äî The political turmoil caused the country‚Äôs security agencies to lock down the capital of Islamabad.,508,https://www.politico.com/news/2022/04/03/pakistan-parliament-president-khan-00022560,1648985842.0,-0.07777777777777779,0.19444444444444448,Negative
politics of pakistan,India announces day of mourning for former Japanese Prime Minister Shinzo Abe,8222,https://www.hindustantimes.com/india-news/india-announces-day-of-mourning-for-shinzo-abe-101657274058494.html,1657274297.0,0.0,0.0,Neutral
politics of pakistan,What books y'all recommend to learn about the history and political landscape of Pakistan,20,https://www.reddit.com/r/pakistan/comments/1erc9lj/what_books_yall_recommend_to_learn_about_the/,1723566306.0,0.0,0.1,Neutral
politics of pakistan,What is the deal with Qassem Soleimani and how is his death affecting Iranian/Iraqi politics?,11451,https://www.reddit.com/r/OutOfTheLoop/comments/ej8q6n/what_is_the_deal_with_qassem_soleimani_and_how_is/,1578018652.0,0.0,0.0,Neutral
politics of pakistan,Asking for basic explanation of Political Parties of Pakistan. ,6,https://www.reddit.com/r/pakistan/comments/1h38kgr/asking_for_basic_explanation_of_political_parties/,1732956822.0,0.0,0.1125,Neutral
politics of pakistan,"Once upon a time, I was a BB factory worker. BB saved my life. It might do so again.",7827,https://www.reddit.com/r/wallstreetbets/comments/nrdbzc/once_upon_a_time_i_was_a_bb_factory_worker_bb/,1622726363.0,0.0,0.0,Neutral
politics of pakistan,Percentage of Muslims support death penalty for people who leave Islam ,1513,https://www.reddit.com/r/atheism/comments/1beeal2/percentage_of_muslims_support_death_penalty_for/,1710396053.0,0.0,0.0,Neutral
politics of pakistan,Dead but not counted: Hidden victims of Pakistan‚Äôs latest political clash,83,https://www.reddit.com/r/pakistan/comments/1h6k9te/dead_but_not_counted_hidden_victims_of_pakistans/,1733329838.0,0.033333333333333326,0.43333333333333335,Positive
politics of pakistan,"Jeremy Corbyn: ‚ÄúOn a call with Pakistan's PM Imran Khan I listened to his concerns about the situation in Kashmir, including the ongoing curfew. The UN has a vital role in ensuring dialogue between India and Pakistan. Any political resolution must uphold the human rights of the Kashmiri people.‚Äù",236,https://twitter.com/jeremycorbyn/status/1177659330566529025?s=21,1569613742.0,0.03333333333333333,0.19999999999999998,Positive
politics of pakistan,Wild boar tortured and killed during a political protest in Pakistan. Protestors inscribed the name of the current Prime Minister on the boar before beating it to death with sticks.,324,http://nation.com.pk/islamabad/17-Sep-2014/boar-becomes-casualty-of-revolution,1411167898.0,-0.025,0.225,Negative
politics of pakistan,BBC front page today if 2016 went differently.,2411,https://i.redd.it/j7kfttv1plhc1.png,1707502347.0,0.0,0.6,Neutral
politics of pakistan,Zia undoubtedly changed the political spectrum of Pakitan; he must not be forgotten. here are just a few things he did to Pakistan.,143,https://www.reddit.com/r/pakistan/comments/z6deml/zia_undoubtedly_changed_the_political_spectrum_of/,1669585069.0,-0.1,0.1,Negative
politics of pakistan,FYI: Every Army Officer takes an Oath to not indulge in politics and uphold the constitution of Pakistan.,208,https://i.redd.it/cb2lywfiiqod1.jpeg,1726302119.0,0.0,0.0,Neutral
politics of pakistan,Can you suggest some books on the political history of Pakistan?,1,https://www.reddit.com/r/PakistanBookClub/comments/1h6meju/can_you_suggest_some_books_on_the_political/,1733334868.0,0.0,0.1,Neutral
politics of pakistan,Man Accuses Malala Yousafzai of Not Doing Anything to Oppose the Taliban,22492,https://i.redd.it/0mabia72j9i81.png,1645046774.0,0.0,0.0,Neutral
politics of pakistan,Pakistan‚Äôs army is back in charge of politics,186,https://www.economist.com/asia/2023/08/10/pakistans-army-is-back-in-charge-of-politics,1691682603.0,0.0,0.0,Neutral
politics of pakistan,"Government proposes to remove Article 370, bifurcate Jammu & Kashmir state [Megathread]",4675,https://www.reddit.com/r/india/comments/cm7c17/government_proposes_to_remove_article_370/,1564986108.0,0.0,0.0,Neutral
politics of pakistan,"""Pakistan infiltrated civil society with help of mainstream or regional politics in Valley"": Jammu and Kashmir DGP Swain",124,https://www.aninews.in/news/national/politics/pakistan-infiltrated-civil-society-with-help-of-mainstream-or-regional-politics-in-valley-jammu-and-kashmir-dgp-swain20240715201243/,1721106451.0,0.0,0.0,Neutral
politics of pakistan,"Palestinian people have ‚Äòunequivocal‚Äô diplomatic, moral and political support of Pakistan: COAS",225,https://www.dawn.com/news/1781617/palestinian-people-have-unequivocal-diplomatic-moral-and-political-support-of-pakistan-coas,1697587608.0,0.0,0.175,Neutral
politics of pakistan,"Why do Indians not possess basic civic sense, specially when it comes to our own country",1656,https://www.reddit.com/r/india/comments/1976t24/why_do_indians_not_possess_basic_civic_sense/,1705318902.0,0.319047619047619,0.5654761904761905,Positive
politics of pakistan,"9th May was a false flag operation to thwart political success of Pakistan Tehreek e Insaf, it failed miserably as public already knew this and PTI beat up every major and small political parties",106,https://v.redd.it/l4wfh0ru1k0d1,1715763533.0,-0.09843750000000001,0.25833333333333336,Negative
politics of pakistan,What's up with r/IndiaSpeaks (large Indian sub) being seemingly anti-ukrainian?,4607,https://www.reddit.com/r/OutOfTheLoop/comments/t4ieit/whats_up_with_rindiaspeaks_large_indian_sub_being/,1646168891.0,0.21428571428571427,0.42857142857142855,Positive
politics of pakistan,Alternate Politics of Pakistan,164,https://www.reddit.com/gallery/1bl4idm,1711127600.0,0.0,0.0,Neutral
politics of pakistan,International reactions to projected Biden victory in US presidential election,3702,https://www.reddit.com/r/worldnews/comments/jpxpqs/international_reactions_to_projected_biden/,1604781088.0,0.0,0.0,Neutral
politics of pakistan,‚ÄúThe political protection is gone now Mini Pakistans will also go now‚Äù.. They are sharing the list of HINDU Mandirs in Sambhal which were attacked and demolished by the current Majority Muslim population of the area. ,20,https://v.redd.it/e0yj0wv1vy6e1,1734248540.0,0.0,0.25,Neutral
politics of pakistan,"DG ISPR Lt General Ahmed Sharif taunts political parties & mocks KPK over its claim on resources, fueling provincial prejudice in a controversial political statement, amidst reports of Pakistan Army generals acquiring properties abroad through profits from illegal mining of minerals in KPK.
",13,https://v.redd.it/fj692zcqz57e1,1734334792.0,0.020000000000000018,0.43,Positive
politics of pakistan,"‚ÄòAkhand Bharat‚Äô Possible, We Consider Pakistan and Afganistan As Ours: Chief Mohan Bhagwat of RSS, whose political progeny BJP currently leads India",177,https://www.latestly.com/india/news/akhand-bharat-possible-we-consider-pakistan-and-afganistan-as-ours-rss-chief-mohan-bhagwat-2341956.html,1614326599.0,0.0,0.5,Neutral
politics of pakistan,Each country's subreddit and its number of members,1442,https://www.reddit.com/gallery/17rhnpx,1699549534.0,0.0,0.0,Neutral
politics of pakistan,"The G8 Summit to enhance economic cooperation will address ways to confront global economic and political changes through the participation of the leaders of Egypt, Bangladesh, Indonesia, Iran, Malaysia, Nigeria, Pakistan and Turkey.",1,https://i.redd.it/vamqoxzt1s7e1.jpeg,1734601847.0,0.1,0.125,Positive
politics of pakistan,I am traumatized and my heart is broken üíîüíîüíî,417,https://www.reddit.com/r/PakLounge/comments/1h12uxo/i_am_traumatized_and_my_heart_is_broken/,1732709453.0,-0.4,0.4,Negative
politics of pakistan,Explore the complexities of Korea‚Äôs martial law and the political landscape in Pakistan,1,https://urduz.pk/explore-the-complexities-of-koreas-martial-law-and-the-political-landscape-in-pakistan/,1733317953.0,0.0,0.05,Neutral
politics of pakistan,[World] - Dead but not counted: Hidden victims of Pakistan‚Äôs latest political clash | Al Jazeera,1,https://www.aljazeera.com/features/2024/12/4/dead-but-not-counted-hidden-victims-of-pakistans-latest-political-clash?traffic_source=rss,1733305856.0,0.033333333333333326,0.43333333333333335,Positive
politics of pakistan,[World] - Dead but not counted: Hidden victims of Pakistan‚Äôs latest political clash,1,https://www.aljazeera.com/features/2024/12/4/dead-but-not-counted-hidden-victims-of-pakistans-latest-political-clash?traffic_source=rss,1733304513.0,0.033333333333333326,0.43333333333333335,Positive
politics of pakistan,I am an Indian activist recently detained by the government for protesting against the new citizenship bill that targets Muslims and minorities. Ask me anything!,4009,https://www.reddit.com/r/BreadTube/comments/efy2d0/i_am_an_indian_activist_recently_detained_by_the/,1577380778.0,0.08522727272727272,0.3522727272727273,Positive
imran khan,Was Imran Khan a good PM?,66,https://www.reddit.com/r/pakistan/comments/1gzggbe/was_imran_khan_a_good_pm/,1732532994.0,0.7,0.6000000000000001,Positive
imran khan,Pakistani prime minister Imran Khan with human trafficker Ghislaine Maxwell,15445,https://i.redd.it/3cx4zf1ztr941.png,1578583606.0,0.0,0.1,Neutral
imran khan,Do people still doubt Imran Khan's loyalty to Pakistan?,496,https://www.reddit.com/r/pakistan/comments/1gzd0t3/do_people_still_doubt_imran_khans_loyalty_to/,1732517888.0,0.0,0.0,Neutral
imran khan,Has there been a better peak than imran khan?,753,https://i.redd.it/wqj8uqdkmw1e1.jpeg,1732042149.0,0.5,0.5,Positive
imran khan,Why is Imran Khan suddenly starting to appear everywhere?And how is he an American actor??Am I missing something?,409,https://i.redd.it/9xb2u692nk5d1.jpeg,1717949896.0,-0.06666666666666667,0.05000000000000001,Negative
imran khan,Imran Khan throughout the years..,321,https://v.redd.it/q8y3bbhpfz3e1,1732947862.0,0.0,0.0,Neutral
imran khan,Archives: Imran Khan and Viv Richards during toss ,869,https://i.redd.it/8h0c5n9o9spd1.jpeg,1726759211.0,0.0,0.0,Neutral
imran khan,"Circa 1977, in Sydney, Imran Khan led Pakistan to its first ever test victory in Australia by taking 12 wickets. Imran bowled unchanged for an entire day‚Äôs play, despite his shirt being torn; a feat never performed by any fast bowler.",1037,https://i.redd.it/s5y9hflitw1c1.jpg,1700663426.0,0.15,0.5194444444444444,Positive
imran khan,Thoughts on Imran Khan ,90,https://i.redd.it/k791w4rejmvd1.jpeg,1729304930.0,0.0,0.0,Neutral
imran khan,Is Imran Khan actually military's puppet ?,44,https://www.reddit.com/r/pakistan/comments/1gxztvg/is_imran_khan_actually_militarys_puppet/,1732369168.0,-0.1,0.1,Negative
imran khan,"Imran Khan shot in leg in 'assassination attempt', former Pakistan prime minister's supporters say",17312,https://news.sky.com/story/imran-khan-shot-in-leg-in-assassination-attempt-former-pakistan-prime-ministers-supporters-say-12737148,1667475631.0,0.0,0.0,Neutral
imran khan,Pakistan Prime Minister Imran Khan blames women's clothes for rising rapes in the country,47725,https://uk.sports.yahoo.com/news/imran-blames-womens-clothes-for-rising-rapes-in-pakistan-113112053.html,1624275674.0,0.0,0.0,Neutral
imran khan,Rapists will be chemically castrated in Pakistan under new laws approved by Prime Minister Imran Khan,31540,https://www.dailymail.co.uk/news/article-8985707/Rapists-chemically-castrated-Pakistan-new-laws-approved-Prime-Minister.html,1606443965.0,0.13636363636363635,0.45454545454545453,Positive
imran khan,People are angry at Imran Khan for giving Stellar Blade an 8/10. An 8/10,1819,https://www.reddit.com/gallery/1cczivx,1714071758.0,-0.125,0.625,Negative
imran khan,Shahid Kapoor & Anushka Sharma at Imran Khan's house party where they were caught making out in 2011. ,1497,https://www.reddit.com/gallery/1gyu5at,1732463839.0,0.0,0.0,Neutral
imran khan,"Pakistan will ""absolutely not"" allow CIA to use bases for Afghanistan operations -Imran Khan",11352,https://www.axios.com/imran-khan-interview-cia-afghanistan-bases-2225eb96-65b5-405a-951a-7ce47a3497b8.html,1624074467.0,-0.1,0.9,Negative
imran khan,Former Pakistan PM Imran Khan sentenced to 10 years‚Äô jail for revealing state secrets,2934,https://www.smh.com.au/world/asia/former-pakistan-pm-imran-khan-sentenced-to-10-years-jail-for-revealing-state-secrets-20240130-p5f17g.html,1706601900.0,-0.05,0.0,Negative
imran khan,Imran Khan ousted as Pakistan's PM after key vote,6642,https://www.bbc.com/news/world-asia-61055210,1649537234.0,0.0,1.0,Neutral
imran khan,"According to Imran Khan, Sony has approached ALL major third parties for deals on exclusive content: ""Playstation Advantage"" marketing may grow",8356,https://www.resetera.com/threads/imran-khan-sony-has-locked-timed-exclusivity-for-some-huge-and-widely-known-multiplatform-games.263403/page-40#post-41953314,1596872469.0,0.03125,0.25,Positive
imran khan,Imran Khan says Sony will double down on major exclusive content next year which will upset many,7037,https://www.reddit.com/r/PS5/comments/i3dip9/imran_khan_says_sony_will_double_down_on_major/,1596518900.0,0.08138888888888889,0.2577777777777778,Positive
imran khan,"Imran Khan asks ""Amazon has all the money in the world. Why can't it make a good video game?""",12166,https://www.inverse.com/gaming/amazon-video-games,1597969311.0,0.14999999999999997,0.5,Positive
imran khan,"Prime Minister Imran Khan announced his two new year's resolutions for 2021, universal healthcare coverage to every Pakistani citizen, and a nationwide project ""Koi bhuka na Soyay"" (No one will sleep hungry).",12531,https://www.globalvillagespace.com/new-years-resolution-for-2021-to-make-pakistan-a-welfare-state-pm-khan/,1609517203.0,0.06818181818181818,0.22727272727272727,Positive
imran khan,"A Pakistani Journalist asks the USA's state spokesperson : USA always speaks on the action against opposition leaders in India but why not for Pakistan? Our main opposition leader (Imran Khan) is in jail, why don't you speak about that?",2135,https://v.redd.it/1yzk7led8gsc1,1712230505.0,0.05555555555555555,0.14444444444444446,Positive
imran khan,"In shock result, allies of jailed ex-leader Imran Khan win most seats in Pakistan election",2399,https://www.cnn.com/2024/02/09/asia/pakistan-election-nawaz-sharif-intl/index.html,1707523174.0,0.65,0.45,Positive
imran khan,Imran Khan no confidence vote blocked in Pakistan,2438,https://www.bbc.co.uk/news/world-asia-60972186,1648972680.0,0.0,0.0,Neutral
imran khan,Pakistan Prime Minister Imran Khan ousted as country's leader following vote of no-confidence,2351,https://www.cnn.com/2022/04/09/asia/imran-khan-voted-out-pakistan-prime-minister-intl-hnk/index.html,1649541149.0,0.0,0.1,Neutral
imran khan,"Imran Khan: Square Enix ""slightly panicking"" over Final Fantasy XVI pre-orders, tracking below Final Fantasy XV",946,https://www.reddit.com/r/GamingLeaksAndRumours/comments/13yva4x/imran_khan_square_enix_slightly_panicking_over/,1685753394.0,-0.05555555555555555,0.7222222222222223,Negative
imran khan,Shaheed Anees Satti's mother said he used to save his pocket money to buy Imran Khan's posters and masks,635,https://v.redd.it/71q2lqi8264e1,1733028083.0,0.0,0.0,Neutral
imran khan,Ex-PM Imran Khan arrested outside court in Pakistan,1844,https://www.bbc.co.uk/news/world-asia-65531648,1683626350.0,0.0,0.05,Neutral
imran khan,"Imran Khan: Sony approached all major third parties to make deals regarding exclusive content & games, Microsoft not willing to pay asking prices because of Sony's high offerings",2613,https://www.reddit.com/r/pcgaming/comments/i5vuai/imran_khan_sony_approached_all_major_third/,1596875784.0,0.024375,0.4475,Positive
imran khan,üö®üö® MEGA-THREAD üö®üö® : Imran Khan arrested by Rangers (paramilitary force) from within court premises,716,https://www.reddit.com/r/pakistan/comments/13clf1j/megathread_imran_khan_arrested_by_rangers/,1683627188.0,0.0,0.0,Neutral
imran khan,Imran Khan urges the nation to stand up now or never!,729,https://i.redd.it/3rkgsu373eod1.jpeg,1726151688.0,0.0,0.0,Neutral
imran khan,Imran Khan has already won this fight.,464,https://www.reddit.com/r/pakistan/comments/1h0idwy/imran_khan_has_already_won_this_fight/,1732644458.0,0.0,0.0,Neutral
imran khan,Pakistani prime minister Imran Khan with human trafficker Ghislaine Maxwell,5003,https://i.redd.it/ao1gejodur941.png,1578583734.0,0.0,0.1,Neutral
imran khan,So Imran Khan lurks around here?,1285,https://v.redd.it/eqecn4en8snd1,1725887172.0,0.0,0.0,Neutral
imran khan,Imran Khan has given final call for Islamabad on 24th November,339,https://i.redd.it/2clofdduxm0e1.png,1731489030.0,0.0,1.0,Neutral
imran khan,My dad is threatening to throw me out of the house if I keep supporting imran khan.,383,https://www.reddit.com/r/chutyapa/comments/1esun74/my_dad_is_threatening_to_throw_me_out_of_the/,1723727042.0,0.25,0.25,Positive
imran khan,Imran Khan knew this would happen.,152,https://www.reddit.com/r/PakLounge/comments/1h0qpvb/imran_khan_knew_this_would_happen/,1732665402.0,0.0,0.0,Neutral
imran khan,Pakistan partially stops mobile and internet services ahead of pro-Imran Khan protest,1295,https://apnews.com/article/pakistan-imran-khan-rally-cellphone-suspension-415227ef93b710798dedbc6c9f8ac2a5,1732453323.0,-0.1,0.3,Negative
imran khan,Junaid Khan's acting debut! He seems to have the same acting range as Aamir Khan's nephew Imran Khan ,523,https://v.redd.it/n3z916yp7y7d1,1718986030.0,0.0,0.041666666666666664,Neutral
imran khan,Pakistan Prime Minister Imran Khan said in a surprise announcement that he would grant citizenship to the roughly 1.5 million Afghan refugees who were born in Pakistan.,3980,https://thehill.com/regulation/international/406974-pakistani-prime-minister-to-grant-citizenship-to-15-million-afghan,1537196480.0,-0.1,0.4,Negative
imran khan,Imran Khan has been kept in total isolation and deprived of daylight since October 6th.,735,https://i.redd.it/kx4sxhjhwytd1.jpeg,1728582918.0,0.0,0.75,Neutral
imran khan,Groom got arrested for saying slogan of Imran khan,633,https://v.redd.it/9er84a9qgv3e1,1732899794.0,0.0,0.0,Neutral
imran khan,"Sachin Tendulkar's 57 at the age of 16 years, against Wasim Akram, Waqar Younis, and Imran Khan at their peak, on a green top wicket, in Pakistan, playing without a helmet grill. Hit on the nose. Check out the shot at 4:10",2294,https://v.redd.it/hubjblc3pkza1,1683972605.0,0.15,0.4,Positive
imran khan,Imran Khan congratulated DT,414,https://i.redd.it/15uwu70biazd1.jpeg,1730902668.0,0.0,0.0,Neutral
imran khan,Its Imran Khan and people of Pakistan now. We can't trust anyone from the leadership. Its upto us now!,303,https://www.reddit.com/r/pakistan/comments/1h0xxee/its_imran_khan_and_people_of_pakistan_now_we_cant/,1732688500.0,0.0,0.0,Neutral
imran khan,Rohit Sharma becomes the second-oldest captain to win an ICC tournament final behind Imran Khan,969,https://i.redd.it/30lcgt9x9u9d1.png,1719809943.0,0.13333333333333333,0.6999999999999998,Positive
imran khan,"Pakistan in turmoil as Imran Khan leads election vote, despite being in jail",1271,https://www.telegraph.co.uk/world-news/2024/02/09/imran-khans-party-surges-in-pakistan-election/,1707509977.0,-0.1,0.0,Negative
imran khan,Imran Khan and Miandad once prevented match fixing in 1990,647,https://www.reddit.com/gallery/1fwl21o,1728113623.0,0.0,0.0,Neutral
imran khan,‚ÄòViolence has no place in politics‚Äô: US condemns Imran Khan assassination attempt,946,https://www.msn.com/en-in/news/world/violence-has-no-place-in-politics-us-after-imran-khan-assassination-attempt/ar-AA13IYAy,1667530245.0,0.0,0.0,Neutral
pak army,"An insight into the rape, torture, murder, and corruption done by pak army",365,https://v.redd.it/86wcetdp73ad1,1719918208.0,0.0,0.0,Neutral
pak army,Pak Army taking its pants off after losing from Bengalis,439,https://v.redd.it/5leoajvopt3e1,1732878575.0,0.0,0.0,Neutral
pak army,"Indian military shelling Azad Kashmir excitedly. Excitement turns to ""O teri pen di......Bhago bhago"" when Pak Army shells start hitting vicinity of their post",392,https://v.redd.it/5wia7chgcyx41,1589123092.0,0.1375,0.425,Positive
pak army,"Haramkhor pak army owned business launches KHILAFAT COLA, exploiting Palestine, Domestic Abuse and Islam to sell junk soft drink",411,https://v.redd.it/yvb4jb4blrzd1,1731110013.0,0.05,0.22499999999999998,Positive
pak army,"After taking over mineral and oil wealth of Balochistan, Haramkhor pak army DGISPR wants to take over all mineral wealth of KPK",237,https://v.redd.it/3ekxye9ivm0e1,1731488364.0,0.2,0.1,Positive
pak army,Will I get in trouble if I keep criticizing Army?,165,https://www.reddit.com/r/pakistan/comments/1evaemz/will_i_get_in_trouble_if_i_keep_criticizing_army/,1723990885.0,-0.2,0.2,Negative
pak army,In case some of us forgot what Pak Army did to us. ,570,https://v.redd.it/lijw451oy57e1,1734334423.0,0.0,0.0,Neutral
pak army,"Colonel Prithipal Singh Gill celebrates his 100th birthday today. The only officer to serve in all branches of Indian military the Indian Air Force, Indian Navy and Indian Army. Veteran of WW2, 1948 and 1965 Indo-Pak war.[1658√ó1280]",8091,https://i.redd.it/m5t1usjmwi461.jpg,1607677343.0,-0.03333333333333333,0.3666666666666667,Negative
pak army,Indian Army soldiers being warmly received in Bangladesh [Rare Historical War Footage] [Indo Pak War 1971/ Liberation Of Bangladesh],4643,https://gfycat.com/illiteratepointlessbeardedcollie,1608175355.0,0.3,0.5,Positive
pak army,"1971: Pedongi, an Indian Army Service Corps mule, was captured by Pakistan during 1971 Indo-Pak war. She later defected back to Indian lines with a Pakistani MMG and two boxes of ammo and was later awarded Vir Chakra, India's third highest military award.[1147x1090]",2639,https://i.redd.it/sqy2pkxuqsmb1.jpg,1694076396.0,-0.02,0.02,Negative
pak army,"Sad to announce that Col Prithipal Singh Gill Passed away today. Just shy of his 101st Birthday on 11 Dec. Only officer in India to serve in all three branches Army, Navy and Air Force. Veteran or WW2 and 1965 Indo-Pak War.[778√ó1280]",4521,https://i.redd.it/95ln9udw1q381.jpg,1638709083.0,-0.25,0.625,Negative
pak army,"A leopard snuck in and took a rest atop a captured Pak Army Patton tank at the School of Artillery, Deolali, India[1024√ó683]",3787,https://i.redd.it/sfgnarldd2x31.jpg,1573045164.0,0.0,0.0,Neutral
pak army,Pak Army's next target will be Israel once they deal with social media,71,https://v.redd.it/djmipgnsvitd1,1728388972.0,0.016666666666666666,0.03333333333333333,Positive
pak army,Every single thing Pak Army says seems like a drama to me now. Even the terrorist attacks seems staged.,309,https://www.reddit.com/r/pakistan/comments/1bdelqd/every_single_thing_pak_army_says_seems_like_a/,1710292584.0,-0.07142857142857142,0.21428571428571427,Negative
pak army,"Pak army and rangers are opening fire on civilians, please make Dua for they're health and safety, May Allah SWT punish these tyrants",257,https://v.redd.it/lnl2pjqymb3e1,1732659814.0,0.0,0.0,Neutral
pak army,How the Pak Army Helped My Family and I!,203,https://www.reddit.com/r/pakistan/comments/1bxzmnn/how_the_pak_army_helped_my_family_and_i/,1712479280.0,0.0,0.0,Neutral
pak army,Israeli Newspaper israelinsideout considered credible by Army and PMLN supporters says that Munir‚Äôs open support for Israel and arrests of protesters will be transformative for Pak-Israel relations,303,https://i.redd.it/q6gjnuw87xrd1.png,1727690696.0,0.2,0.6,Positive
pak army,"Genuinely, what % of pak supports army and gov?",17,https://www.reddit.com/r/pakistan/comments/1h3lizb/genuinely_what_of_pak_supports_army_and_gov/,1732998415.0,0.4,0.5,Positive
pak army,"‚ÄúRoad to Dacca‚Äù: Indian Army and Indian Air Force personnel pose with a missile en route to East Pakistan (now Bangladesh) during the 1971 Indo-Pak war, December 1971 [932x760]",291,https://i.redd.it/ag58gqzqzu5e1.jpeg,1733765761.0,0.0,0.0,Neutral
pak army,"Today in 1999, Capt. Vikram Batra, PVC of 13 Jammu & Kashmir Rifles attacked Pak Army position at Point 4875, Kargil & attained martyrdom, Jai Hind",1159,https://i.redd.it/qxlwor80m38z.jpg,1499401884.0,0.0,0.0,Neutral
pak army,Lumber 1 haramkhor Pak army funded channel declaring all social media activism as israeli agenda and terrorists. Why are these inter pass duffers so pathetic?,131,https://v.redd.it/pvz9jqgcektd1,1728407383.0,-0.48333333333333334,0.5333333333333333,Negative
pak army,Lt General AK Niazi surrendering Pak Army to Bengalis by signing instrument of surrender,182,https://v.redd.it/4ei5xkuwl14e1,1732974159.0,0.05000000000000002,0.5,Positive
pak army,"Sad to announce that Col Prithipal Singh Gill Passed away today. Just shy of his 101st Birthday on 11 Dec. Only officer in India to serve in all three branches Army, Navy and Air Force. Veteran or WW2 and 1965 Indo-Pak War.[778√ó1280] (source in comments)",2072,https://i.redd.it/6jj30jbcvu381.jpg,1638767405.0,-0.25,0.625,Negative
pak army,Prediction: If the hatred towards the army from the people keeps increasing there's going to be some big terrorist or foreign attack where the Pak army comes out as victorious and successfully defends Pakistan,293,https://www.reddit.com/r/pakistan/comments/13rrj34/prediction_if_the_hatred_towards_the_army_from/,1685044493.0,0.20833333333333334,0.39166666666666666,Positive
pak army,"General Yahya Khan was having a naked dance party while pak army was raping, murdering East Pakistanis",161,https://twitter.com/justujuuu/status/1787160518135779836,1715176525.0,0.02500000000000001,0.45,Positive
pak army,Remembering the tragic story of Mai Jindo - a woman whose sons were murdered and land was unjustly stolen by the Pak Army and whose daughters burned themselves alive to get justice,298,https://www.thenews.com.pk/tns/detail/934980-a-lone-fighter,1724562128.0,-0.325,0.575,Negative
pak army,"General (later Field Marshall) Sam Manekshaw MC aka ‚ÄúSam Bahadur‚Äù (Sam the Brave), Chief of the Indian Army Staff, addressing an Indian Army Gorkha soldier during the Indo-Pak war of 1971, December 1971 [596x336]",188,https://i.redd.it/a5fwg5klz06e1.jpeg,1733838352.0,0.2833333333333334,0.5,Positive
pak army,"Incumbent Pak-Army Generals may pose a threat to national security amid unprecedented Israeli airstrikes on Beirut, starting with pager blasts. Following Bajwa, Raheel, & Kayani who prioritized personal gains over national interests, COAS Asim Munir has also made personal animosity core to decisions",63,https://www.reddit.com/r/chutyapa/comments/1frh9of/incumbent_pakarmy_generals_may_pose_a_threat_to/,1727538617.0,0.12,0.34,Positive
pak army,A time when we were fooled that Pak Army will liberate palestine. The only Thing they will liberate is a woman's vagina through hidden cameras.,94,https://i.redd.it/h4n08lwj67tc1.png,1712556817.0,-0.08333333333333333,0.6666666666666666,Negative
pak army,We all were a Pak Army fan boi once,343,https://i.redd.it/rfnbh2h0exna1.png,1678877919.0,0.0,0.0,Neutral
pak army,Purge against PTI- Pak army repeating 1971,72,https://www.reddit.com/r/pakistan/comments/1fd88px/purge_against_pti_pak_army_repeating_1971/,1725937926.0,0.0,0.0,Neutral
pak army,Who will lead the Awami Army if a Civil War breaks out against the NaPaks?,64,https://www.reddit.com/r/chutyapa/comments/1ancrbm/who_will_lead_the_awami_army_if_a_civil_war/,1707558106.0,0.0,0.0,Neutral
pak army,East and West Pak army is best,40,https://www.reddit.com/r/pakistan/comments/1h232aq/east_and_west_pak_army_is_best/,1732820281.0,1.0,0.3,Positive
pak army,"Pak Army AH-1 Cobra helicopters out today practicing near Qasim AFB, Rawalpindi! (OC) üêçüáµüá∞",78,https://v.redd.it/2t0htbderfoc1,1710481416.0,0.125,0.4,Positive
pak army,"A very, very short movie for the pak army simps sending me rape and death threats.",276,https://v.redd.it/511gwjo3utwc1,1714138773.0,0.0,0.39,Neutral
pak army,Do you think Pak Army will apologize for trying to murder Imran Khan? ,35,https://www.reddit.com/r/pakistan/comments/1cmh98h/do_you_think_pak_army_will_apologize_for_trying/,1715102355.0,0.0,0.0,Neutral
pak army,People who still love and support the army vs People who don't. What's your narrative? what are your reasons?  People who believe Pak Army the sole culprit in Pakistan lagging behind vs People who believe it is necessary in taking decisions in favour of Pakistan. Give your opinions.,0,https://www.reddit.com/r/pakistan/comments/1ft0i12/people_who_still_love_and_support_the_army_vs/,1727715391.0,0.024999999999999994,0.6375,Positive
pak army,Megathread: India-Pakistan border skirmish,10217,https://www.reddit.com/r/india/comments/avafxp/megathread_indiapakistan_border_skirmish/,1551250595.0,0.0,0.0,Neutral
pak army,This is not right. Yes what pak army doing is wrong but in the end they are Pakistani as well unlike the terrorist organization. This isn't right,0,https://i.redd.it/7b1e71z5l64e1.png,1733034443.0,-0.11904761904761903,0.6571428571428571,Negative
pak army,Pakistan Army officers are duffers and Pakistan needs to be saved from the terrible policies and acts of Pak Army ~ Asma Jehangir,148,https://v.redd.it/aapibba9zkud1,1728850209.0,-1.0,1.0,Negative
pak army,Remembering the tragic story of Mai Jindo - a woman whose sons were murdered and land was unjustly stolen by the Pak Army and whose daughters burned themselves alive to get justice,155,https://www.thenews.com.pk/tns/detail/934980-a-lone-fighter,1724559677.0,-0.325,0.575,Negative
pak army,Protesters in Pakistan occupied Kashmir sIit the throat of a Pakistani soldier/Police & threw him down from a cliff. POKJ is going insane. They made the Pak army helpless. POK is coming back to India.,95,https://v.redd.it/wdujy3q5j00d1,1715528845.0,-0.38518518518518524,0.42962962962962964,Negative
pak army,"Indian army (White Knight Corps) violated the LoC on Dec 13 entered into Mendla, Hajira in Poonch, AJK harassed women while the men were praying, hearing the women‚Äôs cries, the men rushed to the scene, engaged the Indian military with their weapons, and forced them to flee. Pak army denies this.",19,https://www.reddit.com/r/Kashmiri/comments/1hevjla/indian_army_white_knight_corps_violated_the_loc/,1734278387.0,-0.13333333333333333,0.10000000000000002,Negative
pak army,Army field hot breakfast,2240,https://www.reddit.com/gallery/166dbl2,1693493579.0,0.25,0.8500000000000001,Positive
pak army,'Unusual': Indian Army on recovery of Chinese rifle from Pak terrorists killed in J&K's Uri sector,628,https://v.redd.it/pzh442ovl2k91,1661525195.0,0.0,0.3333333333333333,Neutral
pak army,Indian Air Force Air Marshal Dewar collects the 'Instrument of Surrender ' after it was signed by Pakistan Army's Lt. Gen. Niazi formally ending the Indo Pak war of 1971/Bangladesh Liberation War. [1079√ó749],54,https://i.redd.it/d4qvczcpgf7e1.png,1734449452.0,0.0,0.0,Neutral
pak army,Indian Army soldiers operating with a Vickers Water-cooled machine gun during the 1965 Indo-Pak War.,278,https://i.redd.it/iu5d3gwt6a4c1.jpg,1701697031.0,0.0,0.0,Neutral
pak army,Someone: what can I buy for a few hundred dollars? Pak Army:,118,https://i.redd.it/uhu2ph8o6kxd1.jpeg,1730148138.0,-0.2,0.1,Negative
pak army,Cult & U-turn Allegations on PTI: A Dillema of PMLN Supporters and Pak Army Social Media Team,63,https://www.reddit.com/r/chutyapa/comments/1fy4jdb/cult_uturn_allegations_on_pti_a_dillema_of_pmln/,1728297489.0,0.03333333333333333,0.06666666666666667,Positive
pak army,Pak Army‚Äôs cartoon,105,https://v.redd.it/4f4jw5ikr6eb1,1690323490.0,0.0,0.0,Neutral
establishment,Every time I see somebody disappointed by Establishment,1084,https://i.redd.it/ahxgskdyan8b1.png,1687908629.0,-0.75,0.75,Negative
establishment,Daily Slay the Spire Discussion (225/696): Establishment,229,https://www.reddit.com/r/slaythespire/comments/zu8z1d/daily_slay_the_spire_discussion_225696/,1671885245.0,0.0,0.0,Neutral
establishment,The wins just keep coming. The Establishment Clause doesn‚Äôt mean there is a separation of church and state!,1871,https://i.redd.it/4h1xtzq486891.jpg,1656338804.0,-0.045312500000000006,0.44375,Negative
establishment,Does the Republican party becoming more anti-establishment make the Democratic party the party of the establishment?,173,https://www.reddit.com/r/PoliticalDiscussion/comments/18bj2ss/does_the_republican_party_becoming_more/,1701802025.0,0.475,0.675,Positive
establishment,Are any of you anti-establishment?,6,https://www.reddit.com/r/centrist/comments/1d0brjv/are_any_of_you_antiestablishment/,1716642802.0,0.0,0.0,Neutral
establishment,GDRFA establishment card ban,3,https://www.reddit.com/r/dubai/comments/1eq5rir/gdrfa_establishment_card_ban/,1723440809.0,0.0,0.0,Neutral
establishment,UK Atomic Weapons Establishment simulation of a thin aluminum shell imploded in a one-point detonation,50,https://i.redd.it/728siwth2wma1.gif,1678444211.0,-0.4,0.8500000000000001,Negative
establishment,Defense fund established by supporters of suspected CEO killer Luigi Mangione tops $100K,57702,https://abcnews.go.com/US/supporters-suspected-ceo-killer-luigi-mangione-establish-defense/story?id=116718574,1734303098.0,0.0,0.0,Neutral
establishment,First thing we saw in this fine establishment last night,6565,https://i.redd.it/8t3f93rdsoyd1.jpeg,1730639706.0,0.22222222222222224,0.3,Positive
establishment,Is there a reason Los Angeles wasn't established a little...closer to the shore? ,9265,https://i.redd.it/zbe8d1sm9ind1.jpeg,1725766430.0,0.0,0.0,Neutral
establishment,"After Enabling Trump's Lunacy for So Long, Establishment Republicans Fear They Are Being Usurped by Crazy Right-Wing Provocateurs",9377,https://thehill.com/newsletters/evening-report/4879424-evening-report-trumps-ties-to-far-right-provocateur-upsets-gop/,1726262158.0,-0.325,0.65,Negative
establishment,"Trump Signals a ‚ÄòSeismic Shift,‚Äô Shocking the Washington Establishment",3069,https://www.nytimes.com/2024/11/17/us/politics/trump-signals-a-seismic-shift-shocking-the-washington-establishment.html,1731874745.0,-1.0,1.0,Negative
establishment,Truman discusses establishing Israel in Palestine,12844,https://v.redd.it/njwku10mxybc1,1705047523.0,0.0,0.0,Neutral
establishment,a billionaire real estate heir and a kennedy are ‚Äúanti-establishment‚Äù now,23079,https://i.redd.it/fod0mo9a1ukd1.png,1724601372.0,0.2,0.30000000000000004,Positive
establishment,The Establishment has trained us well,2801,https://i.redd.it/bl4oomu49v2e1.jpeg,1732461393.0,0.0,0.0,Neutral
establishment,Petah I‚Äôm not familiar with Fairly Odd Parents at all. How does this break every ‚Äúestablished rule‚Äù? ,15461,https://i.redd.it/y4rk2gydnuld1.jpeg,1725044643.0,-0.17708333333333331,0.375,Negative
establishment,"After Supporting Trump's Extremes for So Long, Establishment Republicans Now Fear Being Overtaken by Radical Right-Wing Provocateurs",5551,https://buzzzingo.com/gop-unsettled-by-trumps-connection-to-far-right-provocateur/,1727892550.0,0.1,0.325,Positive
establishment,Fuck this corporate establishment. You ARE getting skimped. Location does not matter.,2705,https://www.reddit.com/r/Chipotle/comments/1hav2h1/fuck_this_corporate_establishment_you_are_getting/,1733809974.0,-0.2,0.3,Negative
establishment,My (25F) boyfriend (33M) suddenly told me he wants to establish traditional gender roles once we get married.,10983,https://www.reddit.com/r/BestofRedditorUpdates/comments/17ej4c3/my_25f_boyfriend_33m_suddenly_told_me_he_wants_to/,1698063840.0,0.1125,0.4,Positive
establishment,"Biden will establish a national monument honoring Emmett Till, the Black teen lynched in Mississippi",25699,https://www.independent.co.uk/news/world/americas/us-politics/ap-joe-biden-black-ron-desantis-white-house-b2380299.html,1690073992.0,-0.08333333333333333,0.21666666666666667,Negative
establishment,75 years ago the North Atlantic Treaty Organization (NATO) was established,6652,https://i.redd.it/sdza0g08gesc1.jpeg,1712208929.0,0.0,0.0,Neutral
establishment,What if a Jewish state was established in Bessarabia instead?,2687,https://i.redd.it/trrrcexupzrd1.jpeg,1727721098.0,0.0,0.0,Neutral
establishment,"'Establish equality' and conscript women into army, says German general",3302,https://www.telegraph.co.uk/world-news/2024/07/04/conscript-women-into-army-says-german-general/,1720104515.0,0.02500000000000001,0.25,Positive
establishment,Establishment right-wing reacts to Trump administration picks,1515,https://i.redd.it/t0udw9nxcs0e1.png,1731554663.0,0.0,0.0,Neutral
establishment,Criticizing establishment Democrats doesn't make me 1 single bit more likely to vote Republican.,31374,https://i.redd.it/ht37w86ktuva1.jpg,1682351678.0,0.14285714285714288,0.5714285714285715,Positive
establishment,"When your politics align with the establishment, you are not punk rock.",1510,https://i.redd.it/a506w6r7alod1.jpeg,1726238796.0,0.0,0.0,Neutral
establishment,"My new ragdoll kitten, please help me name her! Something that pairs well with Daisy (current established cat)",1125,https://www.reddit.com/gallery/1hdhnbc,1734111595.0,0.08522727272727272,0.42727272727272725,Positive
establishment,Donald Trump‚Äôs Cryptocurrency Advisory Council is Expected to Establish the Promised US Bitcoin Strategic Reserve,1831,https://en.bitcoinsistemi.com/breaking-donald-trumps-cryptocurrency-advisory-council-is-expected-to-establish-the-promised-us-bitcoin-strategic-reserve-according-to-reuters/?utm_source=CryptoNews&utm_medium=app,1732364161.0,-0.1,0.4,Negative
establishment,"Right-wing establishes ‚Äògovernment-in-waiting‚Äô for second Trump term, plans firing of 50,000 public workers",8038,https://www.peoplesworld.org/article/right-wing-establishes-government-in-waiting-for-second-trump-term-plans-firing-of-50000-public-workers/,1693957613.0,0.0,0.03333333333333333,Neutral
establishment,"[McMenamin] The type of player that James would be willing to make a financial sacrifice for would be an established veteran playmaker like James Harden or Klay Thompson, or an established big man to play alongside Anthony Davis -- like Jonas Valanƒçi≈´nas, sources told ESPN.",2967,https://www.espn.com/nba/story/_/id/40458795/sources-lebron-james-opt-eyes-new-deal-lakers,1719697699.0,0.0625,0.2125,Positive
establishment,"This disclaimer on the menu at a ""no-tipping"" restaurant. I'd rather tip the staff 18% than forcefully pay the establishment an extra 18%",6028,https://i.redd.it/4t8emibah17b1.jpg,1687208639.0,0.0,0.1,Neutral
establishment,"Bring back smaller, cheaper meal portions at eating establishments",2719,https://www.reddit.com/r/unpopularopinion/comments/1d25a34/bring_back_smaller_cheaper_meal_portions_at/,1716852070.0,0.0,0.25,Neutral
establishment,RFK Jr. Lashes Out at Rolling Stone After Article Shows GOP Link to Presidential Run: ‚ÄòEstablishment Propaganda‚Äô,8646,https://www.yahoo.com/entertainment/robert-f-kennedy-jr-lashes-233625859.html,1687657142.0,-0.1,0.1,Negative
establishment,Parliament of NATO country Estonia calls for immediate establishment of no-fly zone,28141,https://www.foxnews.com/politics/russia-ukraine-nato-country-estonia-calls-for-immediate-establishment-of-no-fly-zone,1647280897.0,0.0,0.0,Neutral
establishment,Cafe I went to in Indianapolis is a no-tipping establishment,65491,https://i.redd.it/eltrn2hwpoo71.jpg,1632155216.0,0.0,0.0,Neutral
establishment,Taliban willing to establish relations with all nations except Israel,37859,https://www.timesofisrael.com/taliban-willing-to-establish-relations-with-all-nations-except-israel/,1631094666.0,0.25,0.75,Positive
establishment,"TIL from 1969-72 Ford offered their cars in a color called ""Anti-Establishment Mint""",9520,https://www.colourstudies.com/blog/2018/1/24/anti-establishment-mint,1707578909.0,0.0,0.0,Neutral
establishment,"Tumblr and dunking on established authors, name a better couple",4995,https://i.redd.it/ktn5wevd2ala1.jpg,1726069501.0,0.5,0.5,Positive
establishment,"Tumblr and dunking on established authors, name a better couple",18382,https://i.redd.it/ktn5wevd2ala1.jpg,1677723853.0,0.5,0.5,Positive
establishment,"Current re-established border controls in the Schengen Area [OC, 1080x1080]",5131,https://i.redd.it/h527r4dlcb1c1.png,1700403540.0,0.0,0.4,Neutral
establishment,South Korea to establish birth rate ministry amid population decline,1706,https://international.la-croix.com/world/south-korea-to-establish-birth-rate-ministry-amid-population-decline,1721417973.0,0.0,0.0,Neutral
establishment,"Twitter is only a ""private platform"" so long as it tows the establishment line it seems",8336,https://i.redd.it/fkcle689b6v91.png,1666364383.0,-0.016666666666666666,0.5916666666666667,Negative
establishment,Called in sick 2 days before a shift due to having the flu/covid. Boss puts this on the establishment‚Äôs Facebook page.,13577,https://www.reddit.com/gallery/ua5r9u,1650721464.0,-0.41964285714285715,0.6160714285714286,Negative
establishment,"I‚Äôm irreligious, but I‚Äôm sick of Christianity being blamed for every bad thing that happened after it‚Äôs establishment.",7229,https://i.redd.it/n1r931y5vw2b1.jpg,1685409299.0,-0.7071428571428571,0.7619047619047619,Negative
establishment,LPT: Establish a reason why you generally cannot work late early on at a new job.,7863,https://www.reddit.com/r/LifeProTips/comments/12hm8dv/lpt_establish_a_reason_why_you_generally_cannot/,1681140669.0,-0.0034090909090909033,0.4636363636363637,Negative
establishment,Elon sitting next to Rupert Murdoch at the Super Bowl. Remember this the next time he pretends to be anti-establishment or anti-media,30169,https://i.redd.it/2am48xocdvha1.jpg,1676256412.0,0.1111111111111111,0.2222222222222222,Positive
establishment,Being fed up with establishment Democrats doesn't make me a Republican.,61400,https://i.redd.it/df786rbymg161.jpg,1617045889.0,0.0,0.0,Neutral
establishment,Minute's silence forced to end as football fans sing through tribute to protest British establishment 'hypocrisy',830,https://www.lbc.co.uk/news/celtic-minute-silence-remembrance-ended/,1731322009.0,-0.15000000000000002,0.1,Negative
establishment,My boys only eat at the finest establishments,8380,https://www.reddit.com/gallery/1b87zkk,1709751583.0,0.0,1.0,Neutral
establishment,"‚ÄúCongress shall make no law respecting an establishment of religion, or prohibiting the free exercise thereof.‚Äù",16377,https://www.reddit.com/r/TwoXChromosomes/comments/uq81c7/congress_shall_make_no_law_respecting_an/,1652627261.0,0.4,0.8,Positive
judges in pakistan,The countries mentioned in The Bible,8822,https://i.redd.it/44iyhdd4gzrc1.png,1712027295.0,0.0,0.0,Neutral
judges in pakistan,Judges who decided in favor of the constitution of Pakistan,495,https://i.redd.it/g6w61herm1cd1.jpeg,1720770752.0,0.0,0.0,Neutral
judges in pakistan,"In a landmark ruling in Pakistan, today a Christian woman was acquitted of blasphemy, the judge included this hadeeth in his judgement:",1543,https://i.redd.it/pxcry5y6miv11.jpg,1540989091.0,0.0,0.0,Neutral
judges in pakistan,CMV: Certain sects of liberals believe that simply reducing the power of 'straight white men' will inevitably lead to more progressive politics all round. They are mistaken. ,1365,https://www.reddit.com/r/changemyview/comments/1gdcgv6/cmv_certain_sects_of_liberals_believe_that_simply/,1730040057.0,0.1020408163265306,0.4612244897959184,Positive
judges in pakistan,"Former Pakistan PM Imran Khan is confined in a small cell monitored with a CCTV camera, including coverage of the open bathroom, denying him privacy for bathing and defecation. An additional district session judge filed a report after inspecting the prison conditions.",472,https://www.reddit.com/gallery/15xbsl8,1692633743.0,-0.08333333333333333,0.3,Negative
judges in pakistan,"Paksitan to execute a student for "" Blasphemy of Islam "" ",3091,https://i.redd.it/2i8ymcklsunc1.png,1710227562.0,0.0,0.0,Neutral
judges in pakistan,Why do people who leak intimate videos go unpunished?,543,https://www.reddit.com/r/pakistan/comments/1gqft59/why_do_people_who_leak_intimate_videos_go/,1731512666.0,0.2,0.6,Positive
judges in pakistan,"‚Äú26th amendment was only possible during CJP Qazi Issa‚Äôs term and he‚Äôs reasons to believe that we could make it happen. As CJ of the Supreme Court of Pakistan, he was obeying the Parliament and he was the only judge in history who did that.‚Äù - The truth slipped through Bilawal‚Äôs tongue",74,https://v.redd.it/ax2e0nk3oqwd1,1729790929.0,0.0,1.0,Neutral
judges in pakistan,Judges in India and Pakistan were more lenient with criminals when they were fasting during Ramadan,381,https://pubmed.ncbi.nlm.nih.gov/36914807/,1679923853.0,0.5,0.7,Positive
judges in pakistan,A Canadian Court of Appeal rules that Toronto judge was justified in freeing alleged Al Qaeda collaborator given the gravity of human rights abuses committed by the US in connection with his capture in Pakistan,431,http://www.thestar.com/news/canada/article/987331--rights-abuses-by-u-s-grounds-for-denying-extradition-court-rules,1304777048.0,0.10000000000000002,0.3666666666666667,Positive
judges in pakistan,"Pakistan Army DG ISPR Ahmed Sharif threatens the lives, wealth, & honor of public if 9th May ""culprits"" are not punsihed; 9th May is a unique incident where Pakistan Army is judge, jury, culprit and victim in protests that started after unlawful voilent arrest of Imran Khan  brodcasted using drones",29,https://v.redd.it/qnxjizsr3m6e1,1734094300.0,0.0625,0.2791666666666667,Positive
judges in pakistan,"A session judge in Naseerabad, Sindh raided rice mill owned by Wazir Phulpoto, a former councillor and local leader of the ruling Pakistan People Party and recovered 1500 tents meant for the flood affected people.",366,https://v.redd.it/0lama51c12o91,1663261669.0,0.0,0.0,Neutral
judges in pakistan,"Why is there no ""The Punisher"" in Pakistan? To punish politicians, Bureaucrats, Judges, Army Officers, Journalists, ISI agents and everyone who corrupt my beloved Pakistan?",57,https://www.reddit.com/r/pakistan/comments/wycayl/why_is_there_no_the_punisher_in_pakistan_to/,1661528153.0,0.09999999999999998,1.0,Positive
judges in pakistan,"[IN] - Cleared of Pakistan spy charge, man is set to be UP judge | Times of India",1,https://timesofindia.indiatimes.com/india/cleared-of-pakistan-spy-charge-man-is-set-to-be-up-judge/articleshow/116451749.cms,1734563622.0,0.0,0.0,Neutral
judges in pakistan,"[IN] - Cleared of Pakistan spy charge, man is set to be UP judge",1,https://timesofindia.indiatimes.com/india/cleared-of-pakistan-spy-charge-man-is-set-to-be-up-judge/articleshow/116451749.cms,1734562835.0,0.0,0.0,Neutral
judges in pakistan,"Living in Pakistan has been a punishment so far, and this experience has been my last straw",596,https://www.reddit.com/r/pakistan/comments/1gmgsim/living_in_pakistan_has_been_a_punishment_so_far/,1731066908.0,0.05,0.5333333333333333,Positive
judges in pakistan,Prostitution in Lahore.,319,https://www.reddit.com/r/pakistan/comments/1g82jte/prostitution_in_lahore/,1729441472.0,0.0,0.0,Neutral
judges in pakistan,Countries mentioned in the Bible,1848,https://i.redd.it/kcf3rdynbvfa1.jpg,1675366129.0,0.0,0.0,Neutral
judges in pakistan,Sorry to say but being born as an Indian in this world really feels like a massive curse !! ,518,https://www.reddit.com/r/india/comments/1endk19/sorry_to_say_but_being_born_as_an_indian_in_this/,1723141944.0,-0.09999999999999999,0.7333333333333334,Negative
judges in pakistan,"Pakistan: Christian woman sentenced to death for blasphemy: According to the judges, Shagufta Kiran shared an offensive message against Islam on WhatsApp. The woman, currently imprisoned in Rawalpindi, was sentenced to death at the end of a three-year trial.",8,https://www.vaticannews.va/en/world/news/2024-09/pakistan-blasphemy-death-sentence-christian-woman-whatsapp.html,1727049372.0,0.0,0.2,Neutral
judges in pakistan,Armed men kidnap a senior judge in Pakistan‚Äôs restive northwest,126,https://apnews.com/article/pakistan-gunmen-judge-kidnapped-33d82ac71c78b7ff389a65bcb064681e,1714312123.0,0.0,0.0,Neutral
judges in pakistan,üö®üö® MEGA-THREAD üö®üö® : Imran Khan arrested by Rangers (paramilitary force) from within court premises,720,https://www.reddit.com/r/pakistan/comments/13clf1j/megathread_imran_khan_arrested_by_rangers/,1683627188.0,0.0,0.0,Neutral
judges in pakistan,"Article 370, Article 35A and Trifurcation",1778,https://www.reddit.com/r/IndiaSpeaks/comments/cm748m/article_370_article_35a_and_trifurcation/,1564984573.0,0.0,0.0,Neutral
judges in pakistan,Islam can not co-exist with multiculturalism.,534,https://www.reddit.com/r/exmuslim/comments/1egr0pf/islam_can_not_coexist_with_multiculturalism/,1722442060.0,0.0,0.0,Neutral
judges in pakistan,High Court ruling in Pakistan: CIA drone strikes illegal. Judge calls for U.N. sanctions against U.S.,278,http://www.independent.co.uk/news/world/asia/pakistani-court-declares-us-drone-strikes-in-the-countrys-tribal-belt-illegal-8609843.html,1368123901.0,-0.16999999999999998,0.52,Negative
judges in pakistan,Just when you think courts and judges can't get any more worse in Pakistan...,107,https://i.redd.it/2ivhcdyr01vb1.jpg,1697663390.0,0.04999999999999999,0.55,Positive
judges in pakistan,Pakistan's first female Supreme Court judge sworn in,296,https://www.bbc.com/news/world-asia-60110891?,1643030328.0,0.125,0.25,Positive
judges in pakistan,[World] - Gunmen kill 2 policemen in attack on Judges' escort in Northwest Pakistan | Times of India,1,https://timesofindia.indiatimes.com/world/pakistan/convoy-of-judges-attacked-in-north-western-pakistan/articleshow/112222324.cms,1722604094.0,0.0,0.0,Neutral
judges in pakistan,[World] - Gunmen kill 2 policemen in attack on Judges' escort in Northwest Pakistan,1,https://timesofindia.indiatimes.com/world/pakistan/convoy-of-judges-attacked-in-north-western-pakistan/articleshow/112222324.cms,1722603321.0,0.0,0.0,Neutral
judges in pakistan,[World] - At least two policemen killed in terror attack on judges' convoy in northwest Pakistan | Times of India,1,https://timesofindia.indiatimes.com/world/pakistan/at-least-two-policemen-killed-in-terror-attack-on-judges-convoy-in-northwest-pakistan/articleshow/112224532.cms,1722600546.0,-0.25,0.2,Negative
judges in pakistan,[World] - At least two policemen killed in terror attack on judges' convoy in northwest Pakistan,1,https://timesofindia.indiatimes.com/world/pakistan/at-least-two-policemen-killed-in-terror-attack-on-judges-convoy-in-northwest-pakistan/articleshow/112224532.cms,1722599157.0,-0.25,0.2,Negative
judges in pakistan,A nine-month-old boy charged with planning a murder and interfering in state affairs in Pakistan has been granted bail by the judge,405,http://www.independent.co.uk/news/world/asia/ninemonthold-boy-charged-with-attempted-murder-in-pakistan-granted-bail-by-judge-9241959.html,1396860130.0,0.0,0.0,Neutral
judges in pakistan,"Pakistan‚Äôs top judicial commission has nominated a female judge to the supreme court for the first time in the country‚Äôs history. Move to appoint Justice Ayesha Malik, who banned virginity tests for rape survivors, described as a defining moment in the struggle for gender equality. Thoughts?",27,https://www.theguardian.com/global-development/2022/jan/07/first-female-judge-nominated-for-pakistans-supreme-court,1641986815.0,0.25,0.3333333333333333,Positive
judges in pakistan,Armed men kidnap a senior judge in Pakistan‚Äôs restive northwest,39,https://apnews.com/article/pakistan-gunmen-judge-kidnapped-33d82ac71c78b7ff389a65bcb064681e,1714312094.0,0.0,0.0,Neutral
judges in pakistan,Israel vs The Narrative,108,https://www.reddit.com/r/lazerpig/comments/1hcdgvq/israel_vs_the_narrative/,1733978937.0,0.0,0.0,Neutral
judges in pakistan,Justice Ayesha A Malik Sworn In As First Woman Supreme Court Judge Of Pakistan: Judge Who Outlawed Virginity Tests For Sexual Assault Survivors,459,https://bnblegal.com/news/justice-ayesha-a-malik-sworn-in-as-first-woman-supreme-court-judge-of-pakistan-judge-who-outlawed-virginity-tests-for-sexual-assault-survivors/,1643114017.0,0.375,0.5833333333333334,Positive
judges in pakistan,Gunmen Kidnap Judge In Pakistan‚Äôs Khyber Pakhtunkhwa,36,https://www.news18.com/amp/world/gunmen-kidnap-judge-in-pakistans-khyber-pakhtunkhwa-8869283.html,1714336376.0,0.0,0.0,Neutral
judges in pakistan,A pro-Palestinian apologizing ,95,https://www.reddit.com/r/IsraelPalestine/comments/1eh6ol6/a_propalestinian_apologizing/,1722482739.0,0.0,0.0,Neutral
judges in pakistan,"Government officers, babus,  judges, are the real anti nationals - They live  using your money  while your family dies ",560,https://www.reddit.com/r/india/comments/1g7frnr/government_officers_babus_judges_are_the_real/,1729363741.0,0.16818181818181818,0.4,Positive
judges in pakistan,/r/worldnews - https://www.news18.com/amp/world/gunmen-kidnap-judge-in-pakistans-khyber-pakhtunkhwa-8869283.html,1,https://www.reddit.com/r/NoFilterNews/comments/1cfhzkx/rworldnews/,1714340486.0,0.0,0.0,Neutral
judges in pakistan,[World] - Senior judge kidnapped in Pakistan's northwest | Times of India,1,https://timesofindia.indiatimes.com/world/pakistan/senior-judge-kidnapped-in-pakistans-northwest/articleshow/109665731.cms,1714306732.0,0.0,0.0,Neutral
judges in pakistan,[World] - Senior judge kidnapped in Pakistan's northwest,1,https://timesofindia.indiatimes.com/world/pakistan/senior-judge-kidnapped-in-pakistans-northwest/articleshow/109665731.cms,1714305029.0,0.0,0.0,Neutral
judges in pakistan,Islam is a crappy religion to grow up in if you don't live in an Islamic country. Cultural traditions need to die in a fire and my family sucks.,2952,https://www.reddit.com/r/TrueOffMyChest/comments/adgvyr/islam_is_a_crappy_religion_to_grow_up_in_if_you/,1546861057.0,-0.02121212121212121,0.3,Negative
judges in pakistan,Investigation reveals ‚Äònontoxic arsenic‚Äô powder in suspicious letters sent to judges in Pakistan,1,https://buzzarts.ma/news/us/investigation-reveals-nontoxic-arsenic-powder-in-suspicious-letters-sent-to-judges-in-pakistan/,1712535829.0,0.0,0.0,Neutral
judges in pakistan,[World] - Investigation reveals 'nontoxic arsenic' powder in suspicious letters sent to judges in Pakistan | Times of India,1,https://timesofindia.indiatimes.com/world/pakistan/investigation-reveals-nontoxic-arsenic-powder-in-suspicious-letters-sent-to-judges-in-pakistan/articleshow/109115055.cms,1712533394.0,0.0,0.0,Neutral
judges in pakistan,[World] - Investigation reveals 'nontoxic arsenic' powder in suspicious letters sent to judges in Pakistan,1,https://timesofindia.indiatimes.com/world/pakistan/investigation-reveals-nontoxic-arsenic-powder-in-suspicious-letters-sent-to-judges-in-pakistan/articleshow/109115055.cms,1712532643.0,0.0,0.0,Neutral
judges in pakistan,Cornel West is not progressive (or not anymore).,676,https://www.reddit.com/r/TheMajorityReport/comments/142pu62/cornel_west_is_not_progressive_or_not_anymore/,1686077731.0,0.0,0.0,Neutral
judges in pakistan,Pakistan: IHC judges detail ‚Äòbrazen meddling‚Äô in letter to Supreme Judicial Council,1,https://www.dawn.com/news/1824028/ihc-judges-detail-brazen-meddling-in-letter-to-supreme-judicial-council,1711538766.0,0.0,0.0,Neutral
judges in pakistan,[World] - Pakistan: Islamabad HC judges allege ISI interference in judiciary | Times of India,1,https://timesofindia.indiatimes.com/world/pakistan/pakistan-islamabad-hc-judges-allege-isi-interference-in-judiciary/articleshow/108806085.cms,1711519446.0,0.0,0.0,Neutral
judges in pakistan,[World] - Pakistan: Islamabad HC judges allege ISI interference in judiciary,1,https://timesofindia.indiatimes.com/world/pakistan/pakistan-islamabad-hc-judges-allege-isi-interference-in-judiciary/articleshow/108806085.cms,1711517753.0,0.0,0.0,Neutral
supreme court of pakistan,Pakistan confirms appointment of first female Supreme Court judge,18837,https://www.deccanherald.com/international/world-news-politics/pakistan-confirms-appointment-of-first-female-supreme-court-judge-1068660.html,1641493587.0,0.125,0.25,Positive
supreme court of pakistan,Prime Minister of Pakistan Nawaz Sharif disqualified by Supreme Court due to corruption exposed in Panama Papers,42405,https://en.dailypakistan.com.pk/headline/panama-case-verdict-pakistan-supreme-court-disqualifies-pm-nawaz-sharif/,1501225961.0,-0.125,0.375,Negative
supreme court of pakistan,The government of Pakistan decides to ban PTI. The government will move case to supreme court to ban PTI forever ,357,https://i.redd.it/7z470ykocncd1.jpeg,1721033669.0,0.0,0.0,Neutral
supreme court of pakistan,"Alvin Robert Cornelius, Pakistan's First Non-Muslim Chief Justice of the Supreme Court (1960-1968)",333,https://i.redd.it/14itzoy9ghzd1.jpeg,1730986804.0,0.25,0.3333333333333333,Positive
supreme court of pakistan,Supreme Court of Pakistan,372,https://i.redd.it/qhgbr6zkwfld1.png,1724866279.0,0.0,0.0,Neutral
supreme court of pakistan,Pakistan Supreme Court Orders Arrest of Prime Minister,691,http://www.nytimes.com/reuters/2013/01/15/world/asia/15reuters-pakistan-primeminister.html?smid=tw-nytimesworld&seid=auto&_r=0,1358244306.0,-0.05,0.0,Negative
supreme court of pakistan,"November 28,1997 - When terrorists attacked Supreme Court of Pakistan and took over.",310,https://v.redd.it/r2t45og98qcd1,1721068654.0,0.0,0.0,Neutral
supreme court of pakistan,Pakistani council orders 'revenge rape' of 16-year-old girl,1919,https://i.redd.it/0cbf1uabw5wd1.jpeg,1729539302.0,0.0,0.0,Neutral
supreme court of pakistan,"Indian Army arrests 2 Rohingyas, Abdul Amin & Abdul Salim from High Security zone in Jammu.They had made several phonecalls to Pakistan & Myanmar. Supreme Court is currently hearing case against deportation of Rohinyas from Jammu.Case filed by European Commission & European/US church funded HRLN",577,https://v.redd.it/43yx5j5rolu71,1634733798.0,0.04,0.235,Positive
supreme court of pakistan,"‚Äú26th amendment was only possible during CJP Qazi Issa‚Äôs term and he‚Äôs reasons to believe that we could make it happen. As CJ of the Supreme Court of Pakistan, he was obeying the Parliament and he was the only judge in history who did that.‚Äù - The truth slipped through Bilawal‚Äôs tongue",73,https://v.redd.it/ax2e0nk3oqwd1,1729790929.0,0.0,1.0,Neutral
supreme court of pakistan,Filmmaker Vivek Agnihotri declines invitation from Oxford Union to debate on Kashmir,1082,https://www.reddit.com/gallery/1faco92,1725621631.0,0.0,0.0,Neutral
supreme court of pakistan,Supreme Court of Pakistan's livestream (live feed) cut off when PTI Chairman Barrister Gohar Ali Khan returned and started to recount details of the Islamabad Police's raid on his home,216,https://v.redd.it/mz4jur31o6cc1,1705141158.0,0.13636363636363635,0.5,Positive
supreme court of pakistan,Why People of Pakistan have risen against Supreme Court Justice Qazi Faez Isa who is fully supported by PDM and Pakistan Army?,96,https://www.reddit.com/r/chutyapa/comments/1fw51c2/why_people_of_pakistan_have_risen_against_supreme/,1728063573.0,0.0,0.0,Neutral
supreme court of pakistan,Pakistan Supreme Court unanimously overturns cancellation of no-confidence vote and dissolution of Pakistan's parliament in 5-0 judgement,212,https://www.dawn.com/news/1683857/supreme-court-sets-aside-deputy-speakers-ruling-na-dissolution,1649346024.0,0.0,0.0,Neutral
supreme court of pakistan,"Today Supreme court judgement in favor of PTI is just a small victory. The main battle is taking back the stolen mandate; do not lose sight.
",77,https://www.reddit.com/r/pakistan/comments/1e1gnuu/today_supreme_court_judgement_in_favor_of_pti_is/,1720787993.0,-0.02777777777777778,0.24444444444444446,Negative
supreme court of pakistan,Pakistan blasphemy protests to end after deal struck - Hardline Islamists have been baying for blood after the Supreme Court overturned a woman's blasphemy conviction. Thousands of protesters had shut down major transport throughout the country.,278,https://www.dw.com/en/pakistan-blasphemy-protests-to-end-after-deal-struck/a-46141302,1541242012.0,-0.04652777777777779,0.3944444444444445,Negative
supreme court of pakistan,"Pakistan govt cites possibility of an all-out-war with India, urges Supreme Court to postpone elections",165,https://www.firstpost.com/world/pakistan-govt-cites-possibility-of-war-with-india-urges-supreme-court-to-postpone-elections-12487282.html,1682161710.0,0.0,0.0,Neutral
supreme court of pakistan,"Minutes after ordinance was passed, clown judge of Pakistan used his illegal power to remove Munib Akhtar and appoint his lapdog Aminuddin Khan as the third Judge of supreme court committee",36,https://i.redd.it/cc62x9mv9zpd1.jpeg,1726844196.0,-0.25,0.25,Negative
supreme court of pakistan,[Effortpost] Snowden is a traitor. Debunking myths and examining evidence.,1846,https://www.reddit.com/r/neoliberal/comments/uaefwh/effortpost_snowden_is_a_traitor_debunking_myths/,1650746793.0,0.0,0.0,Neutral
supreme court of pakistan,Just supreme court of Pakistan's Chief Justice causally lying in court,86,https://v.redd.it/kgd3w9107fzc1,1715268962.0,0.0,0.0,Neutral
supreme court of pakistan,"this guy believes india & paxtan are one country , only 'temporarily divided'. He is the former Chief Justice of Madras and Delhi High Courts and was a Supreme Court Justice for another 5 years. No wonder our judiciary is so fucked up , it's filled with delusional men like him.",242,https://i.redd.it/zsgz4rvujpv91.jpg,1666597283.0,-0.007999999999999985,0.628,Negative
supreme court of pakistan,Supreme Court of Pakistan has abolished the powers of Hamza Shahbaz Sharif as Chief Minister of Pakistan until the final verdict on CM Punjab.,214,https://i.redd.it/7056n3xu3bd91.png,1658577159.0,0.0,1.0,Neutral
supreme court of pakistan,‚ö°Ô∏èüáÆüá≥‚ö°Ô∏èüáÆüá≥‚ö°Ô∏èüáÆüá≥‚ö°Ô∏è INDIAN ELECTION RESULTS THUNDERDOME ‚ö°Ô∏èüáÆüá≥‚ö°Ô∏èüáÆüá≥‚ö°Ô∏èüáÆüá≥‚ö°Ô∏è,224,https://www.reddit.com/r/neoliberal/comments/1d7mslt/indian_election_results_thunderdome/,1717469267.0,0.0,0.0,Neutral
supreme court of pakistan,"Recently, a woman was accused of blasphemy in Pakistan. Supreme court released her because of lack of evidence and some international pressure, but this raised a very big issue in whole country, as one of the political party wanted her to hang to death.",168,https://www.reddit.com/r/islam/comments/a4v1wc/recently_a_woman_was_accused_of_blasphemy_in/,1544443132.0,0.04,0.176,Positive
supreme court of pakistan,"Minutes after ordinance was passed, clown judge of Pakistan used his illegal power to remove Munib Akhtar and appoint his lapdog Aminuddin Khan as the third Judge of supreme court committee",9,https://i.redd.it/cc62x9mv9zpd1.jpeg,1726874723.0,-0.25,0.25,Negative
supreme court of pakistan,üö®üö® MEGA-THREAD üö®üö® : Imran Khan arrested by Rangers (paramilitary force) from within court premises,723,https://www.reddit.com/r/pakistan/comments/13clf1j/megathread_imran_khan_arrested_by_rangers/,1683627188.0,0.0,0.0,Neutral
supreme court of pakistan,"Article 370, Article 35A and Trifurcation",1780,https://www.reddit.com/r/IndiaSpeaks/comments/cm748m/article_370_article_35a_and_trifurcation/,1564984573.0,0.0,0.0,Neutral
supreme court of pakistan,"The Supreme Court of Pakistan, which I've always seen as a blend between Brutalist architecture and modern Islamic architecture (OC)",171,https://i.redd.it/cl573m0f9apc1.jpeg,1710850670.0,0.2,0.3,Positive
supreme court of pakistan,"What's the deal with Asia Bibi? What is she accused of doing, exactly?",2775,https://www.reddit.com/r/OutOfTheLoop/comments/9u38zq/whats_the_deal_with_asia_bibi_what_is_she_accused/,1541337430.0,0.25,0.25,Positive
supreme court of pakistan,Imran Khan now ex-PM of Pakistan after losing Supreme Court case,298,https://www.bbc.co.uk/news/world-asia-61055210,1649536723.0,0.0,0.0,Neutral
supreme court of pakistan,Three members of Pakistan Tehreek-e-Insaf Punjab Assembly have written affidavits and sent them to their leadership that Atta Tarar contacted them to buy their votes. These affidavits were submitted to the Supreme Court today.,165,https://www.reddit.com/gallery/w4i1r6,1658413606.0,0.0,0.0,Neutral
supreme court of pakistan,"U.S. Congressman Brad Sherman: For democracies to function, the parties must adhere to the rule of law and rulings of the Supreme Court",104,https://i.redd.it/gpq5zdxba3sa1.jpg,1680710968.0,0.0,0.0,Neutral
supreme court of pakistan,Supreme Court of Pakistan has decided to take a case on the most important and urgent issue in Pakistan....The price of bakery items.,64,https://www.youtube.com/watch?v=DQt62MgS4g4,1699810009.0,0.45,0.75,Positive
supreme court of pakistan,Justice Ayesha A Malik Sworn In As First Woman Supreme Court Judge Of Pakistan: Judge Who Outlawed Virginity Tests For Sexual Assault Survivors,453,https://bnblegal.com/news/justice-ayesha-a-malik-sworn-in-as-first-woman-supreme-court-judge-of-pakistan-judge-who-outlawed-virginity-tests-for-sexual-assault-survivors/,1643114017.0,0.375,0.5833333333333334,Positive
supreme court of pakistan,08 May: Remembering Chief Justice Cornelius on his birthday. He was the first Christian Chief Justice of the Supreme Court of Pakistan from 1960-68,208,https://i.redd.it/h8ikktm04ox41.png,1588999201.0,0.125,0.16666666666666666,Positive
supreme court of pakistan,Supreme court cancels all hearings because judges aren't available. This is how they are delaying release of PTI leaders / members.,48,https://i.redd.it/n8f642uvru8c1.jpeg,1703689693.0,0.4,0.4,Positive
supreme court of pakistan,"[World] - Cipher case: Pakistan government challenges Imran Khan, Qureshi's acquittals in Supreme Court | Times of India",1,https://timesofindia.indiatimes.com/world/pakistan/cipher-case-pakistan-government-challenges-imran-khan-qureshis-acquittals-in-supreme-court/articleshow/110976012.cms,1718301212.0,0.0,0.0,Neutral
supreme court of pakistan,"[IN] - Ex-Pakistan PM Imran Khan cites Arvind Kejriwal's bail, complains of jail mistreatment in Supreme Court | Times of India",2,https://timesofindia.indiatimes.com/world/pakistan/ex-pakistan-pm-imran-khan-cites-arvind-kejriwals-bail-complains-of-jail-mistreatment-in-supreme-court/articleshow/110798070.cms,1717762392.0,-0.1,0.0,Negative
supreme court of pakistan,"[IN] - Ex-Pakistan PM Imran Khan cites Arvind Kejriwal's bail, complains of jail mistreatment in Supreme Court",1,https://timesofindia.indiatimes.com/world/pakistan/ex-pakistan-pm-imran-khan-cites-arvind-kejriwals-bail-complains-of-jail-mistreatment-in-supreme-court/articleshow/110798070.cms,1717761958.0,-0.1,0.0,Negative
supreme court of pakistan,"Activist ,lawyer and currently PS110 Candidate : Jibran Nasir is being threatened by Enquiry on his remarks on Supreme Judiciary of Pakistan",63,https://i.redd.it/uvmn9xzdcyec1.png,1706347905.0,0.0,0.4,Neutral
supreme court of pakistan,Supreme Court of Pakistan,107,https://i.redd.it/cjez7a12shxb1.jpg,1698737940.0,0.0,0.0,Neutral
supreme court of pakistan,The power of social media! supreme court issues notice backtracking on the pervious notice about judges and their wives being exempt from checking at airport.,60,https://i.redd.it/bchk3pa5mc7c1.jpeg,1703033948.0,0.041666666666666664,0.06666666666666667,Positive
supreme court of pakistan,[World] - Pakistan's government completes preparations for Imran Khan's virtual appearance in Supreme Court today | Times of India,1,https://timesofindia.indiatimes.com/world/pakistan/pakistans-government-completes-preparations-for-imran-khans-virtual-appearance-in-supreme-court-today/articleshow/110165430.cms,1715837323.0,0.0,0.0,Neutral
supreme court of pakistan,"On today's order of the Supreme Court of Pakistan, the Chief Election Commissioner of Pakistan, Mr. Sikandar Sultan Raja, met President Arif Alvi. The meeting unanimously agreed to hold General Elections in the country on 8th February 2024.",14,https://twitter.com/PresOfPakistan/status/1720100206249963612,1698940544.0,0.05000000000000002,0.5,Positive
supreme court of pakistan,"Cash-starved govt doles out Rs90bn to lawmakers, additional funding for the maintenance of rest houses and residences of the judges of the Supreme Court of Pakistan | DAWN",83,https://www.dawn.com/news/1733635/cash-starved-govt-doles-out-rs90bn-to-lawmakers,1674712816.0,0.0,0.0,Neutral
supreme court of pakistan,Supreme Court of Pakistan makes first wife's permission obligatory for second marriage,131,https://www.geo.tv/amp/304499-supreme-court-makes-first-wifes-permission-obligatory-for-second-marriage,1598796119.0,0.125,0.16666666666666666,Positive
supreme court of pakistan,[World] - Pakistan Supreme Court to hear case about 'ISI interference' in judicial matters | Times of India,1,https://timesofindia.indiatimes.com/world/pakistan/pakistan-supreme-court-to-hear-case-about-isi-interference-in-judicial-matters/articleshow/108953959.cms,1712000325.0,0.0,0.0,Neutral
supreme court of pakistan,Cornel West is not progressive (or not anymore).,678,https://www.reddit.com/r/TheMajorityReport/comments/142pu62/cornel_west_is_not_progressive_or_not_anymore/,1686077731.0,0.0,0.0,Neutral
supreme court of pakistan,Breaking: Cabinet approves to share US cable with chief justice of Pakistan. CJ has ordered Supreme Court staff to open the SC building.OSINT Insider on Twitter,28,https://twitter.com/OSINT_Insider/status/1512838627944169473?t=RXDuw2OsWiyfU_ZtxjllPQ&s=19,1649523915.0,0.0,0.5,Neutral
supreme court of pakistan,"Pakistan govt cites possibility of war with India, urges Supreme Court to postpone elections",20,https://www.firstpost.com/world/pakistan-govt-cites-possibility-of-war-with-india-urges-supreme-court-to-postpone-elections-12487282.html,1682161802.0,0.0,0.0,Neutral
judiciary in pakistan,‚ö°Ô∏èüáÆüá≥‚ö°Ô∏èüáÆüá≥‚ö°Ô∏èüáÆüá≥‚ö°Ô∏è INDIAN ELECTION RESULTS THUNDERDOME ‚ö°Ô∏èüáÆüá≥‚ö°Ô∏èüáÆüá≥‚ö°Ô∏èüáÆüá≥‚ö°Ô∏è,222,https://www.reddit.com/r/neoliberal/comments/1d7mslt/indian_election_results_thunderdome/,1717469267.0,0.0,0.0,Neutral
judiciary in pakistan,"One of many protests carried out in all the major cities in Pakistan in defiance of corrupt new rulers, the army and the judiciary who wrongly ousted Imran Khan as Prime Minister.",162,https://v.redd.it/lt4kn0twtrs81,1649626840.0,-0.060227272727272727,0.6709090909090909,Negative
judiciary in pakistan,Pakistan has one of the worst judiciaries in the world. WJP Rule of Law Index 2020,142,https://worldjusticeproject.org/our-work/research-and-data/wjp-rule-law-index-2020,1612757975.0,-1.0,1.0,Negative
judiciary in pakistan,Israel vs The Narrative,108,https://www.reddit.com/r/lazerpig/comments/1hcdgvq/israel_vs_the_narrative/,1733978937.0,0.0,0.0,Neutral
judiciary in pakistan,"[World] - Pakistan to investigate army‚Äôs meddling in judiciary, law minister says | Al Jazeera",1,https://www.aljazeera.com/news/2024/3/28/pakistan-to-investigate-armys-meddling-in-judiciary-law-minister-says?traffic_source=rss,1711650319.0,0.0,0.0,Neutral
judiciary in pakistan,"[World] - Pakistan to investigate army‚Äôs meddling in judiciary, law minister says",1,https://www.aljazeera.com/news/2024/3/28/pakistan-to-investigate-armys-meddling-in-judiciary-law-minister-says?traffic_source=rss,1711649633.0,0.0,0.0,Neutral
judiciary in pakistan,[World] - Pakistan: Islamabad HC judges allege ISI interference in judiciary | Times of India,1,https://timesofindia.indiatimes.com/world/pakistan/pakistan-islamabad-hc-judges-allege-isi-interference-in-judiciary/articleshow/108806085.cms,1711519446.0,0.0,0.0,Neutral
judiciary in pakistan,[World] - Pakistan: Islamabad HC judges allege ISI interference in judiciary,1,https://timesofindia.indiatimes.com/world/pakistan/pakistan-islamabad-hc-judges-allege-isi-interference-in-judiciary/articleshow/108806085.cms,1711517753.0,0.0,0.0,Neutral
judiciary in pakistan,"Let's say each person of power in Pakistan (political, judiciary, establishment, entertainment) is a Naruto character. Which figure is which naruto character?",7,https://www.reddit.com/r/chutyapa/comments/umpq6f/lets_say_each_person_of_power_in_pakistan/,1652208461.0,0.0,0.1,Neutral
judiciary in pakistan,CMV: I don‚Äôt think India will be a developed nation by 2047.,545,https://www.reddit.com/r/india/comments/168qjfg/cmv_i_dont_think_india_will_be_a_developed_nation/,1693726076.0,0.1,0.3,Positive
judiciary in pakistan,Same Police two different treatments - 1st clip A cop humiliating a decorated airforce veteran & in 2nd clip police cops assisting militants belonging to a religious party prepare for anti-judiciary protest. That's regrettably 'humara Pakistan'. - Baqir Sajjad,46,https://twitter.com/baqirsajjad/status/1657820105294659584?s=20,1684123777.0,0.0,0.195,Neutral
judiciary in pakistan,Police and judiciary most corrupt in Pakistan. Thoughts?,74,https://www.reddit.com/r/pakistan/comments/rciao5/police_and_judiciary_most_corrupt_in_pakistan/,1639058534.0,0.0,0.75,Neutral
judiciary in pakistan,"""Judge Humayun Dilawar expelled from University of Hull after protests"" says Shayan Ali. ( @ShayanA2307 ) Humayun Dilawar was selected by Pakistan's Judiciary to join a conference on human rights in University of Hull.",1,https://i.redd.it/e3zclwhn3tgb1.jpg,1691465704.0,0.0,0.1,Neutral
judiciary in pakistan,Judiciary in Pakistan be like,46,https://i.redd.it/670mlvadnhna1.jpg,1678705401.0,0.0,0.0,Neutral
judiciary in pakistan,Centre's position on marital rape seems to be more nuanced than it made out to be but it is disappointing regardless,55,https://www.reddit.com/r/IndianModerate/comments/1fvveto/centres_position_on_marital_rape_seems_to_be_more/,1728035546.0,-0.04999999999999999,0.6,Negative
judiciary in pakistan,"Pakistani people , Pakistan Army , Pakistan judiciary, Pakistan politicians. .... Pakistan in nutshell. well explained by Hamid Bashani .... looks like most of the Pakistani people deserve the current conditions of their country",1,https://youtu.be/4TfmTpAc8s8,1659231539.0,0.25,0.45,Positive
judiciary in pakistan,"Judiciary is the ‚Äònew establishment‚Äô of Pakistan. ‚ÄúJudicial coup‚Äù in Pakistan . Coalition parties decry SC's verdict on Dost Mazari‚Äôs ruling, term it ‚Äòjudicial coup‚Äô",1,https://www.thenews.com.pk/latest/977089-ruling-govt-decries-scs-verdict-on-dost-mazari-s-ruling-terms-it-judicial-coup,1658881403.0,0.13636363636363635,0.45454545454545453,Positive
judiciary in pakistan,This nation has no hope.,456,https://www.reddit.com/r/pakistan/comments/ts8hpc/this_nation_has_no_hope/,1648652726.0,0.0,0.0,Neutral
judiciary in pakistan,Lawyers in Pakistan are nothing but clowns and Judiciary is a circus,58,https://i.redd.it/wmu42aeokm641.png,1577212457.0,0.0,0.0,Neutral
judiciary in pakistan,Are you a citizen of the PureLand ?,236,https://www.reddit.com/r/pakistan/comments/1h0exoj/are_you_a_citizen_of_the_pureland/,1732636060.0,0.0,0.0,Neutral
judiciary in pakistan,Apne papa ke defence me dekho kaise turant utar pade,160,https://www.reddit.com/gallery/1h1udof,1732794999.0,0.0,0.0,Neutral
judiciary in pakistan,Why this country is fucked!,692,https://www.reddit.com/r/india/comments/47b9tx/why_this_country_is_fucked/,1456295935.0,-0.75,0.7,Negative
judiciary in pakistan,GOP attacks on SCOTUS nominee Ketanji Brown Jackson & how to watch hearing today,1579,https://www.reddit.com/r/Keep_Track/comments/tjbur5/gop_attacks_on_scotus_nominee_ketanji_brown/,1647869361.0,0.0,0.0,Neutral
judiciary in pakistan,Dr. Zakir Naik - the state guest of Pakistan,94,https://www.reddit.com/r/pakistan/comments/1fzitvm/dr_zakir_naik_the_state_guest_of_pakistan/,1728446153.0,0.0,0.0,Neutral
judiciary in pakistan,"Pakistan is literally a graveyard of human rights. HR systems in the state are dysfunctional, international NGOs pushed out of the country and local ones are under squeeze (except 36000 religious seminaries) and the judiciary ‚Äútamed.‚Äù HR mechanism ‚Äúmissing‚Äù like missing persons.",34,https://twitter.com/a_siab/status/1403219868535726084,1623416419.0,-0.06666666666666667,0.075,Negative
judiciary in pakistan,"With the recent crowd of persecuted minorities fleeing from Bangladesh to India Border due to the violence, does your view on CAA-NRC change?",10,https://www.reddit.com/r/unitedstatesofindia/comments/1er0y0s/with_the_recent_crowd_of_persecuted_minorities/,1723530850.0,-0.0625,0.3125,Negative
judiciary in pakistan,Proper gender balance in higher judiciary will further ensure women's rights in Pakistan,2,https://www.indiablooms.com/world-details/SA/29681/proper-gender-balance-in-higher-judiciary-will-further-ensure-women-s-rights-in-pakistan-the-express-tribune-editorial.html,1622994618.0,0.08333333333333333,0.3666666666666667,Positive
judiciary in pakistan,Lost my optimism about Pakistan,157,https://www.reddit.com/r/chutyapa/comments/1dlatcl/lost_my_optimism_about_pakistan/,1718994045.0,0.0,0.0,Neutral
judiciary in pakistan,Does the constitution or body of laws of Pakistan offer any wisdom on the manner in which Judiciary can be held accountable to the oath of meting justice that is objective and free from bias?,7,https://www.reddit.com/r/pakistan/comments/eczw3s/does_the_constitution_or_body_of_laws_of_pakistan/,1576791542.0,0.2,0.45,Positive
judiciary in pakistan,Taliban's takeover of Afghanistan and the prevalent Taliban mindset in Pakistan,247,https://www.reddit.com/r/pakistan/comments/p5phg1/talibans_takeover_of_afghanistan_and_the/,1629148940.0,0.0,0.0,Neutral
judiciary in pakistan,"@WSJ: Pakistan‚Äôs judiciary is stepping up to curb the country‚Äôs armed forces, an unexpected challenge for a military that has extended its power in recent years behind the scenes https://t.co/k5BVBxn6Yr",1,https://mobile.twitter.com/WSJ/status/1214456659508158464,1578384509.0,-0.1,0.5125,Negative
judiciary in pakistan,"@WSJ: Pakistan‚Äôs judiciary is stepping up to curb the country‚Äôs armed forces, an unexpected challenge for a military that has extended its power in recent years behind the scenes https://t.co/f1etDK2ozm",1,https://mobile.twitter.com/WSJ/status/1214267939505016832,1578339508.0,-0.1,0.5125,Negative
judiciary in pakistan,The WHOLE point of this crackdown is to wage psychological warfare and spread fear & disappointment. Do not fall for it.,376,https://www.reddit.com/r/pakistan/comments/13qdokb/the_whole_point_of_this_crackdown_is_to_wage/,1684910176.0,-0.13333333333333333,0.3,Negative
judiciary in pakistan,[Op-Ed] - The judiciary-military tangle in Pakistan | Hindustan Times,1,https://www.hindustantimes.com/editorials/the-judiciary-military-tangle-in-pakistan/story-Vnfa65ia1uYt865R4jGoWO.html,1576681941.0,0.0,0.0,Neutral
judiciary in pakistan,[Op-Ed] - The judiciary-military tangle in Pakistan,1,https://www.hindustantimes.com/editorials/the-judiciary-military-tangle-in-pakistan/story-Vnfa65ia1uYt865R4jGoWO.html,1576678959.0,0.0,0.0,Neutral
judiciary in pakistan,"By giving death to Musharraf, Pakistan judiciary has shown itself in poor light: Saifuddin Soz",1,https://www.newindianexpress.com/nation/2019/dec/18/by-giving-death-to-musharraf-pakistan-judiciary-has-shown-itself-in-poor-light-saifuddin-soz-2077908.html,1576667380.0,0.0,0.6499999999999999,Neutral
judiciary in pakistan,"Spotting lies, disinformation and propaganda on the internet",111,https://www.reddit.com/r/bangladesh/comments/1ed0240/spotting_lies_disinformation_and_propaganda_on/,1722030846.0,-0.1,0.1,Negative
judiciary in pakistan,"Last Week in Collapse: August 6-12, 2022",490,https://www.reddit.com/r/collapse/comments/wna436/last_week_in_collapse_august_612_2022/,1660381968.0,0.0,0.06666666666666667,Neutral
judiciary in pakistan,Should IK be released and PTI be given a majority government. What would you expect them to do within the first six months?,7,https://www.reddit.com/r/pakistan/comments/1hh5rr7/should_ik_be_released_and_pti_be_given_a_majority/,1734540453.0,0.25,0.3333333333333333,Positive
judiciary in pakistan,"In Pakistan, Growing Concern Over Tensions Between Military And Civilian Leaders | Many in the ruling party believe they are being undermined by Pakistani military and intelligence officials, backed by what they see as a subservient judiciary",2,http://www.npr.org/sections/parallels/2017/10/10/556088096/in-pakistan-growing-concern-over-tensions-between-military-and-civilian-leaders,1507700510.0,0.10000000000000002,0.2333333333333333,Positive
judiciary in pakistan,@Stratfor: Why It Matters: #Pakistan is an evolving #democracy that's had only one democratic transition of power in its #history. Former PM Nawaz Sharif portrayed the #elections as a referendum on the political power exerted by Pakistan's #army and #judiciary. https://t.co/UsuRfN58MM,1,https://mobile.twitter.com/Stratfor/status/1022219900490735616,1532551212.0,0.0,0.3666666666666667,Neutral
judiciary in pakistan,"Flashback: The Goans in Pakistan. The Goans contributed significantly to the development of the town and other areas that became Pakistan, in schools, hospitals, professional services, judiciary, and public and government service. [NP]",23,https://tribune.com.pk/story/754172/flashback-the-goans-in-pakistan/,1505315750.0,0.0875,0.3541666666666667,Positive
judiciary in pakistan,"Last Week in Collapse: August 20-26, 2022",532,https://www.reddit.com/r/collapse/comments/wz2kvs/last_week_in_collapse_august_2026_2022/,1661606014.0,0.0,0.06666666666666667,Neutral
judiciary in pakistan,@TelegraphWorld: Imran Khan suggests he will use his cricketing experiencing of ‚Äòneutralising umpires‚Äô to restore Pakistan‚Äôs independent judiciary if elected in June. https://t.co/pWI0KGlO0F,1,https://mobile.twitter.com/TelegraphWorld/status/1000395468537548800,1527348084.0,0.0,0.125,Neutral
judiciary in pakistan,Fear among judiciary and press is akin to what existed during dictatorship regime of Pakistan: Rahul Gandhi in Chattisgarh rally,1,http://www.newindianexpress.com/nation/2018/may/17/fear-among-judiciary-and-press-is-akin-to-what-existed-during-dictatorship-regime-of-pakistan-rahul-1815832.html,1526549592.0,0.0,0.0,Neutral
judiciary in pakistan,"Factions of army, judiciary sabotage democracy in Pakistan: Former Prime Minister",1,https://www.reddit.com/r/worldnews/comments/7usqk1/factions_of_army_judiciary_sabotage_democracy_in/?utm_source=ifttt,1517592987.0,0.0,0.0,Neutral
judiciary in pakistan,"Factions of army, judiciary sabotage democracy in Pakistan: Former Prime Minister",1,https://tribune.com.pk/story/1624661/1-factions-army-judiciary-sabotage-democracy-pakistan-nawaz/,1517591209.0,0.0,0.0,Neutral
judiciary in pakistan,ATTENTION: Within a week the Indian state had rushed 35000 paramilitary troops into Occupied Kashmir,569,https://www.reddit.com/r/socialism/comments/cl5sul/attention_within_a_week_the_indian_state_had/,1564760680.0,0.0,0.0,Neutral
judiciary in pakistan,The Bureaucrat is back with some random assortment thoughts,4,https://www.reddit.com/r/pakistan/comments/1g7ti9y/the_bureaucrat_is_back_with_some_random/,1729410063.0,-0.25,0.25,Negative
judiciary in pakistan,Israel is a Democracy,462,https://www.reddit.com/r/UnpopularFacts/comments/ixh99y/israel_is_a_democracy/,1600751708.0,0.0,0.0,Neutral
